Country,Happiness.Rank,Happiness.Score,Library Type,Region,Country or Area,M49 Code,Metric,Metric Data,Data Year,Country Name,Population Amount
Iceland,3,7.50400018692017,National,Europe,Iceland,352.0,Staff,70.0,2017,Iceland,343400.0
Finland,5,7.468999862670901,Academic,Europe,Finland,246.0,Libraries,152.0,2017,Finland,5508214.0
Finland,5,7.468999862670901,Academic,Europe,Finland,246.0,Internet_Access,152.0,2017,Finland,5508214.0
Finland,5,7.468999862670901,Academic,Europe,Finland,246.0,Staff,1307.0,2017,Finland,5508214.0
Finland,5,7.468999862670901,Academic,Europe,Finland,246.0,Users,1073494.0,2017,Finland,5508214.0
Finland,5,7.468999862670901,Academic,Europe,Finland,246.0,Visits,9936572.0,2017,Finland,5508214.0
Finland,5,7.468999862670901,Academic,Europe,Finland,246.0,Loans_books,2348621.0,2017,Finland,5508214.0
Finland,5,7.468999862670901,Academic,Europe,Finland,246.0,Loans_downloads,62220415.0,2017,Finland,5508214.0
Finland,5,7.468999862670901,Public,Europe,Finland,246.0,Staff,3466.0,2017,Finland,5508214.0
Finland,5,7.468999862670901,Public,Europe,Finland,246.0,Loans_books,85215658.0,2017,Finland,5508214.0
Finland,5,7.468999862670901,Public,Europe,Finland,246.0,Loans_downloads,1221243.0,2017,Finland,5508214.0
Canada,7,7.31599998474121,National,Northern America,Canada,124.0,Libraries,4.0,2017,Canada,36543321.0
Canada,7,7.31599998474121,National,Northern America,Canada,124.0,Internet_Access,4.0,2017,Canada,36543321.0
Canada,7,7.31599998474121,National,Northern America,Canada,124.0,Staff,924.0,2017,Canada,36543321.0
Canada,7,7.31599998474121,National,Northern America,Canada,124.0,Volunteers,120.0,2017,Canada,36543321.0
Canada,7,7.31599998474121,National,Northern America,Canada,124.0,Loans_books,41272.0,2017,Canada,36543321.0
Canada,7,7.31599998474121,National,Northern America,Canada,124.0,Loans_downloads,9797313.0,2017,Canada,36543321.0
New Zealand,8,7.31400012969971,National,Oceania,New Zealand,554.0,Libraries,3.0,2017,New Zealand,4793900.0
New Zealand,8,7.31400012969971,National,Oceania,New Zealand,554.0,Internet_Access,3.0,2017,New Zealand,4793900.0
Australia,10,7.28399991989136,National,Oceania,Australia,36.0,Libraries,9.0,2017,Australia,24601860.0
Australia,10,7.28399991989136,National,Oceania,Australia,36.0,Internet_Access,9.0,2017,Australia,24601860.0
Australia,10,7.28399991989136,National,Oceania,Australia,36.0,Visits,11580130.0,2017,Australia,24601860.0
Australia,10,7.28399991989136,School,Oceania,Australia,36.0,Libraries,9444.0,2017,Australia,24601860.0
Australia,10,7.28399991989136,School,Oceania,Australia,36.0,Users,3849225.0,2017,Australia,24601860.0
Australia,10,7.28399991989136,Other,Oceania,Australia,36.0,Libraries,2350.0,2017,Australia,24601860.0
Australia,10,7.28399991989136,Other,Oceania,Australia,36.0,Internet_Access,2350.0,2017,Australia,24601860.0
Israel,11,7.212999820709231,Academic,Asia,Israel,376.0,Libraries,31.0,2017,Israel,8713300.0
Israel,11,7.212999820709231,Academic,Asia,Israel,376.0,Internet_Access,106.0,2017,Israel,8713300.0
Israel,11,7.212999820709231,Academic,Asia,Israel,376.0,Staff,549.0,2017,Israel,8713300.0
Israel,11,7.212999820709231,Academic,Asia,Israel,376.0,Volunteers,48.0,2017,Israel,8713300.0
Israel,11,7.212999820709231,Academic,Asia,Israel,376.0,Users,200858.0,2017,Israel,8713300.0
Israel,11,7.212999820709231,Academic,Asia,Israel,376.0,Visits,7022125.0,2017,Israel,8713300.0
Israel,11,7.212999820709231,Academic,Asia,Israel,376.0,Loans_books,695648.0,2017,Israel,8713300.0
Israel,11,7.212999820709231,Academic,Asia,Israel,376.0,Loans_documents,9927.0,2017,Israel,8713300.0
Israel,11,7.212999820709231,Academic,Asia,Israel,376.0,Loans_audio_books,30.0,2017,Israel,8713300.0
Israel,11,7.212999820709231,Academic,Asia,Israel,376.0,Loans_downloads,6222153.0,2017,Israel,8713300.0
Israel,11,7.212999820709231,Public,Asia,Israel,376.0,Libraries,36.0,2017,Israel,8713300.0
Israel,11,7.212999820709231,Public,Asia,Israel,376.0,Staff,135.0,2017,Israel,8713300.0
Israel,11,7.212999820709231,Public,Asia,Israel,376.0,Volunteers,117.0,2017,Israel,8713300.0
Israel,11,7.212999820709231,Public,Asia,Israel,376.0,Users,107422.0,2017,Israel,8713300.0
Israel,11,7.212999820709231,Public,Asia,Israel,376.0,Visits,573500.0,2017,Israel,8713300.0
Israel,11,7.212999820709231,Public,Asia,Israel,376.0,Loans_books,847131.0,2017,Israel,8713300.0
Israel,11,7.212999820709231,Public,Asia,Israel,376.0,Loans_documents,8337.0,2017,Israel,8713300.0
Israel,11,7.212999820709231,Public,Asia,Israel,376.0,Loans_eBooks,2904.0,2017,Israel,8713300.0
Israel,11,7.212999820709231,Public,Asia,Israel,376.0,Loans_audio_books,1339.0,2017,Israel,8713300.0
Israel,11,7.212999820709231,Public,Asia,Israel,376.0,Loans_downloads,16564.0,2017,Israel,8713300.0
Israel,11,7.212999820709231,Other,Asia,Israel,376.0,Libraries,11.0,2017,Israel,8713300.0
Israel,11,7.212999820709231,Other,Asia,Israel,376.0,Staff,13.0,2017,Israel,8713300.0
Israel,11,7.212999820709231,Other,Asia,Israel,376.0,Volunteers,7.0,2017,Israel,8713300.0
Israel,11,7.212999820709231,Other,Asia,Israel,376.0,Users,2840.0,2017,Israel,8713300.0
Israel,11,7.212999820709231,Other,Asia,Israel,376.0,Visits,5975.0,2017,Israel,8713300.0
Israel,11,7.212999820709231,Other,Asia,Israel,376.0,Loans_books,2465.0,2017,Israel,8713300.0
Israel,11,7.212999820709231,Other,Asia,Israel,376.0,Loans_documents,75.0,2017,Israel,8713300.0
Israel,11,7.212999820709231,Other,Asia,Israel,376.0,Loans_eBooks,62.0,2017,Israel,8713300.0
Israel,11,7.212999820709231,Other,Asia,Israel,376.0,Loans_audio_books,5.0,2017,Israel,8713300.0
Israel,11,7.212999820709231,Other,Asia,Israel,376.0,Loans_downloads,257773.0,2017,Israel,8713300.0
Austria,13,7.00600004196167,National,Europe,Austria,40.0,Libraries,8.0,2017,Austria,8797566.0
Austria,13,7.00600004196167,National,Europe,Austria,40.0,Internet_Access,7.0,2017,Austria,8797566.0
Ireland,15,6.9770002365112305,Academic,Europe,Ireland,372.0,Libraries,31.0,2017,Ireland,4807388.0
Ireland,15,6.9770002365112305,Academic,Europe,Ireland,372.0,Internet_Access,31.0,2017,Ireland,4807388.0
Ireland,15,6.9770002365112305,Academic,Europe,Ireland,372.0,Staff,526.0,2017,Ireland,4807388.0
Ireland,15,6.9770002365112305,Academic,Europe,Ireland,372.0,Users,127700.0,2017,Ireland,4807388.0
Ireland,15,6.9770002365112305,Academic,Europe,Ireland,372.0,Visits,6805072.0,2017,Ireland,4807388.0
Ireland,15,6.9770002365112305,Academic,Europe,Ireland,372.0,Loans_books,1048068.0,2017,Ireland,4807388.0
Ireland,15,6.9770002365112305,Academic,Europe,Ireland,372.0,Loans_downloads,12261880.0,2017,Ireland,4807388.0
Belgium,17,6.89099979400635,Academic,Europe,Belgium,56.0,Libraries,140.0,2017,Belgium,11375158.0
Belgium,17,6.89099979400635,Academic,Europe,Belgium,56.0,Internet_Access,140.0,2017,Belgium,11375158.0
Belgium,17,6.89099979400635,Academic,Europe,Belgium,56.0,Staff,502.0,2017,Belgium,11375158.0
Belgium,17,6.89099979400635,Academic,Europe,Belgium,56.0,Users,239338.0,2017,Belgium,11375158.0
Belgium,17,6.89099979400635,Academic,Europe,Belgium,56.0,Visits,5441703.0,2017,Belgium,11375158.0
Belgium,17,6.89099979400635,Academic,Europe,Belgium,56.0,Loans_books,1121930.0,2017,Belgium,11375158.0
Belgium,17,6.89099979400635,National,Europe,Belgium,56.0,Libraries,1.0,2017,Belgium,11375158.0
Belgium,17,6.89099979400635,National,Europe,Belgium,56.0,Internet_Access,1.0,2017,Belgium,11375158.0
Belgium,17,6.89099979400635,National,Europe,Belgium,56.0,Staff,280.0,2017,Belgium,11375158.0
Belgium,17,6.89099979400635,National,Europe,Belgium,56.0,Visits,99706.0,2017,Belgium,11375158.0
Luxembourg,18,6.86299991607666,National,Europe,Luxembourg,442.0,Libraries,2.0,2017,Luxembourg,596336.0
Luxembourg,18,6.86299991607666,National,Europe,Luxembourg,442.0,Volunteers,0.0,2017,Luxembourg,596336.0
Luxembourg,18,6.86299991607666,National,Europe,Luxembourg,442.0,Users,15786.0,2017,Luxembourg,596336.0
Luxembourg,18,6.86299991607666,National,Europe,Luxembourg,442.0,Visits,84305.0,2017,Luxembourg,596336.0
Luxembourg,18,6.86299991607666,National,Europe,Luxembourg,442.0,Loans_books,20883.0,2017,Luxembourg,596336.0
Luxembourg,18,6.86299991607666,National,Europe,Luxembourg,442.0,Loans_documents,8853.0,2017,Luxembourg,596336.0
Luxembourg,18,6.86299991607666,National,Europe,Luxembourg,442.0,Loans_eBooks,8419.0,2017,Luxembourg,596336.0
Luxembourg,18,6.86299991607666,Public,Europe,Luxembourg,442.0,Libraries,9.0,2017,Luxembourg,596336.0
Luxembourg,18,6.86299991607666,Public,Europe,Luxembourg,442.0,Internet_Access,6.0,2017,Luxembourg,596336.0
Chile,20,6.65199995040894,Public,Latin America and the Caribbean,Chile,152.0,Libraries,519.0,2017,Chile,18470439.0
Chile,20,6.65199995040894,Public,Latin America and the Caribbean,Chile,152.0,Internet_Access,447.0,2017,Chile,18470439.0
Chile,20,6.65199995040894,Public,Latin America and the Caribbean,Chile,152.0,Staff,1473.0,2017,Chile,18470439.0
Chile,20,6.65199995040894,Public,Latin America and the Caribbean,Chile,152.0,Users,71270.0,2017,Chile,18470439.0
Chile,20,6.65199995040894,Public,Latin America and the Caribbean,Chile,152.0,Loans_books,12256074.0,2017,Chile,18470439.0
Chile,20,6.65199995040894,Public,Latin America and the Caribbean,Chile,152.0,Loans_documents,53763.0,2017,Chile,18470439.0
Chile,20,6.65199995040894,School,Latin America and the Caribbean,Chile,152.0,Libraries,9868.0,2017,Chile,18470439.0
Chile,20,6.65199995040894,School,Latin America and the Caribbean,Chile,152.0,Staff,15748.0,2017,Chile,18470439.0
Argentina,24,6.59899997711182,Academic,Latin America and the Caribbean,Argentina,32.0,Libraries,2097.0,2017,Argentina,44044811.0
Argentina,24,6.59899997711182,National,Latin America and the Caribbean,Argentina,32.0,Libraries,2.0,2017,Argentina,44044811.0
Argentina,24,6.59899997711182,Public,Latin America and the Caribbean,Argentina,32.0,Libraries,30.0,2017,Argentina,44044811.0
Argentina,24,6.59899997711182,School,Latin America and the Caribbean,Argentina,32.0,Libraries,284.0,2017,Argentina,44044811.0
Argentina,24,6.59899997711182,Other,Latin America and the Caribbean,Argentina,32.0,Libraries,12.0,2017,Argentina,44044811.0
Mexico,25,6.57800006866455,Public,Latin America and the Caribbean,Mexico,484.0,Libraries,7427.0,2017,Mexico,124777324.0
Mexico,25,6.57800006866455,Public,Latin America and the Caribbean,Mexico,484.0,Internet_Access,3661.0,2017,Mexico,124777324.0
Mexico,25,6.57800006866455,Public,Latin America and the Caribbean,Mexico,484.0,Staff,15891.0,2017,Mexico,124777324.0
Mexico,25,6.57800006866455,Public,Latin America and the Caribbean,Mexico,484.0,Users,36255644.0,2017,Mexico,124777324.0
Mexico,25,6.57800006866455,Public,Latin America and the Caribbean,Mexico,484.0,Loans_books,2414337.0,2017,Mexico,124777324.0
Mexico,25,6.57800006866455,Public,Latin America and the Caribbean,Mexico,484.0,Loans_eBooks,716932.0,2017,Mexico,124777324.0
Mexico,25,6.57800006866455,Public,Latin America and the Caribbean,Mexico,484.0,Loans_downloads,16177.0,2017,Mexico,124777324.0
Singapore,26,6.57200002670288,National,Asia,Singapore,702.0,Visits,1686000.0,2017,Singapore,5612253.0
Singapore,26,6.57200002670288,Public,Asia,Singapore,702.0,Users,2400000.0,2017,Singapore,5612253.0
Singapore,26,6.57200002670288,Public,Asia,Singapore,702.0,Visits,23665000.0,2017,Singapore,5612253.0
Singapore,26,6.57200002670288,Public,Asia,Singapore,702.0,Loans_books,29200000.0,2017,Singapore,5612253.0
Singapore,26,6.57200002670288,Public,Asia,Singapore,702.0,Loans_eBooks,1620000.0,2017,Singapore,5612253.0
Singapore,26,6.57200002670288,Public,Asia,Singapore,702.0,Loans_audio_books,229000.0,2017,Singapore,5612253.0
Uruguay,28,6.4539999961853,Academic,Latin America and the Caribbean,Uruguay,858.0,Libraries,53.0,2017,Uruguay,3436646.0
Uruguay,28,6.4539999961853,Academic,Latin America and the Caribbean,Uruguay,858.0,Staff,302.0,2017,Uruguay,3436646.0
Uruguay,28,6.4539999961853,Academic,Latin America and the Caribbean,Uruguay,858.0,Volunteers,0.0,2017,Uruguay,3436646.0
Uruguay,28,6.4539999961853,Academic,Latin America and the Caribbean,Uruguay,858.0,Users,558.0,2017,Uruguay,3436646.0
Uruguay,28,6.4539999961853,Academic,Latin America and the Caribbean,Uruguay,858.0,Visits,59000.0,2017,Uruguay,3436646.0
Uruguay,28,6.4539999961853,Academic,Latin America and the Caribbean,Uruguay,858.0,Loans_books,462259.0,2017,Uruguay,3436646.0
Uruguay,28,6.4539999961853,Academic,Latin America and the Caribbean,Uruguay,858.0,Loans_documents,2150.0,2017,Uruguay,3436646.0
Uruguay,28,6.4539999961853,Academic,Latin America and the Caribbean,Uruguay,858.0,Loans_eBooks,441.0,2017,Uruguay,3436646.0
Uruguay,28,6.4539999961853,Academic,Latin America and the Caribbean,Uruguay,858.0,Loans_downloads,450420.0,2017,Uruguay,3436646.0
Uruguay,28,6.4539999961853,Public,Latin America and the Caribbean,Uruguay,858.0,Visits,64538.0,2017,Uruguay,3436646.0
Uruguay,28,6.4539999961853,Public,Latin America and the Caribbean,Uruguay,858.0,Loans_books,105121.0,2017,Uruguay,3436646.0
Panama,30,6.4520001411438,Other,Latin America and the Caribbean,Panama,591.0,Internet_Access,27.0,2017,Panama,4106771.0
France,31,6.44199991226196,Public,Europe,France,250.0,Staff,30000.0,2017,France,66864379.0
Spain,34,6.40299987792969,Public,Europe,Spain,724.0,Libraries,4600.0,2017,Spain,46593236.0
Spain,34,6.40299987792969,Public,Europe,Spain,724.0,Internet_Access,4018.0,2017,Spain,46593236.0
Spain,34,6.40299987792969,Public,Europe,Spain,724.0,Staff,10845.0,2017,Spain,46593236.0
Spain,34,6.40299987792969,Public,Europe,Spain,724.0,Volunteers,623.0,2017,Spain,46593236.0
Spain,34,6.40299987792969,Public,Europe,Spain,724.0,Users,16841158.0,2017,Spain,46593236.0
Spain,34,6.40299987792969,Public,Europe,Spain,724.0,Visits,105566967.0,2017,Spain,46593236.0
Spain,34,6.40299987792969,Public,Europe,Spain,724.0,Loans_books,46970367.0,2017,Spain,46593236.0
Spain,34,6.40299987792969,Public,Europe,Spain,724.0,Loans_documents,410837.0,2017,Spain,46593236.0
Spain,34,6.40299987792969,Public,Europe,Spain,724.0,Loans_eBooks,1029698.0,2017,Spain,46593236.0
Spain,34,6.40299987792969,Other,Europe,Spain,724.0,Loans_downloads,56312.0,2017,Spain,46593236.0
Qatar,35,6.375,Academic,Asia,Qatar,634.0,Libraries,8.0,2017,Qatar,2724724.0
Qatar,35,6.375,Academic,Asia,Qatar,634.0,Internet_Access,8.0,2017,Qatar,2724724.0
Qatar,35,6.375,Academic,Asia,Qatar,634.0,Staff,101.0,2017,Qatar,2724724.0
Qatar,35,6.375,Academic,Asia,Qatar,634.0,Volunteers,11.0,2017,Qatar,2724724.0
Qatar,35,6.375,Academic,Asia,Qatar,634.0,Users,29385.0,2017,Qatar,2724724.0
Qatar,35,6.375,Academic,Asia,Qatar,634.0,Visits,1443927.0,2017,Qatar,2724724.0
Qatar,35,6.375,Academic,Asia,Qatar,634.0,Loans_books,280398.0,2017,Qatar,2724724.0
Qatar,35,6.375,Academic,Asia,Qatar,634.0,Loans_documents,3.0,2017,Qatar,2724724.0
Qatar,35,6.375,Academic,Asia,Qatar,634.0,Loans_eBooks,100.0,2017,Qatar,2724724.0
Qatar,35,6.375,Academic,Asia,Qatar,634.0,Loans_downloads,3809593.0,2017,Qatar,2724724.0
Qatar,35,6.375,National,Asia,Qatar,634.0,Libraries,1.0,2017,Qatar,2724724.0
Qatar,35,6.375,National,Asia,Qatar,634.0,Internet_Access,1.0,2017,Qatar,2724724.0
Qatar,35,6.375,National,Asia,Qatar,634.0,Staff,158.0,2017,Qatar,2724724.0
Qatar,35,6.375,National,Asia,Qatar,634.0,Users,30000.0,2017,Qatar,2724724.0
Qatar,35,6.375,National,Asia,Qatar,634.0,Loans_eBooks,10823.0,2017,Qatar,2724724.0
Qatar,35,6.375,National,Asia,Qatar,634.0,Loans_audio_books,38.0,2017,Qatar,2724724.0
Qatar,35,6.375,National,Asia,Qatar,634.0,Loans_downloads,1160946.0,2017,Qatar,2724724.0
Qatar,35,6.375,Public,Asia,Qatar,634.0,Libraries,10.0,2017,Qatar,2724724.0
Qatar,35,6.375,School,Asia,Qatar,634.0,Libraries,267.0,2017,Qatar,2724724.0
Qatar,35,6.375,School,Asia,Qatar,634.0,Internet_Access,267.0,2017,Qatar,2724724.0
Qatar,35,6.375,School,Asia,Qatar,634.0,Staff,422.0,2017,Qatar,2724724.0
Qatar,35,6.375,School,Asia,Qatar,634.0,Loans_books,1253000.0,2017,Qatar,2724724.0
Trinidad and Tobago,38,6.1680002212524405,Academic,Latin America and the Caribbean,Trinidad and Tobago,780.0,Libraries,16.0,2017,Trinidad and Tobago,1384072.0
Trinidad and Tobago,38,6.1680002212524405,Academic,Latin America and the Caribbean,Trinidad and Tobago,780.0,Internet_Access,16.0,2017,Trinidad and Tobago,1384072.0
Trinidad and Tobago,38,6.1680002212524405,Academic,Latin America and the Caribbean,Trinidad and Tobago,780.0,Staff,211.0,2017,Trinidad and Tobago,1384072.0
Trinidad and Tobago,38,6.1680002212524405,Academic,Latin America and the Caribbean,Trinidad and Tobago,780.0,Volunteers,2.0,2017,Trinidad and Tobago,1384072.0
Trinidad and Tobago,38,6.1680002212524405,Academic,Latin America and the Caribbean,Trinidad and Tobago,780.0,Users,32519.0,2017,Trinidad and Tobago,1384072.0
Trinidad and Tobago,38,6.1680002212524405,Academic,Latin America and the Caribbean,Trinidad and Tobago,780.0,Visits,28284.0,2017,Trinidad and Tobago,1384072.0
Trinidad and Tobago,38,6.1680002212524405,Academic,Latin America and the Caribbean,Trinidad and Tobago,780.0,Loans_books,102620.0,2017,Trinidad and Tobago,1384072.0
Trinidad and Tobago,38,6.1680002212524405,Academic,Latin America and the Caribbean,Trinidad and Tobago,780.0,Loans_documents,7.0,2017,Trinidad and Tobago,1384072.0
Trinidad and Tobago,38,6.1680002212524405,Academic,Latin America and the Caribbean,Trinidad and Tobago,780.0,Loans_downloads,43664.0,2017,Trinidad and Tobago,1384072.0
Malaysia,42,6.08400011062622,Academic,Asia,Malaysia,458.0,Libraries,437.0,2017,Malaysia,31105028.0
Malaysia,42,6.08400011062622,Academic,Asia,Malaysia,458.0,Internet_Access,437.0,2017,Malaysia,31105028.0
Malaysia,42,6.08400011062622,Academic,Asia,Malaysia,458.0,Staff,3521.0,2017,Malaysia,31105028.0
Malaysia,42,6.08400011062622,Academic,Asia,Malaysia,458.0,Users,2475628.0,2017,Malaysia,31105028.0
Malaysia,42,6.08400011062622,Academic,Asia,Malaysia,458.0,Visits,80505685.0,2017,Malaysia,31105028.0
Malaysia,42,6.08400011062622,Academic,Asia,Malaysia,458.0,Loans_books,4153158.0,2017,Malaysia,31105028.0
Malaysia,42,6.08400011062622,Public,Asia,Malaysia,458.0,Libraries,1443.0,2017,Malaysia,31105028.0
Malaysia,42,6.08400011062622,Public,Asia,Malaysia,458.0,Internet_Access,233.0,2017,Malaysia,31105028.0
Malaysia,42,6.08400011062622,Public,Asia,Malaysia,458.0,Staff,3052.0,2017,Malaysia,31105028.0
Malaysia,42,6.08400011062622,Public,Asia,Malaysia,458.0,Users,5434567.0,2017,Malaysia,31105028.0
Malaysia,42,6.08400011062622,Public,Asia,Malaysia,458.0,Visits,16027583.0,2017,Malaysia,31105028.0
Malaysia,42,6.08400011062622,Public,Asia,Malaysia,458.0,Loans_books,9097150.0,2017,Malaysia,31105028.0
Malaysia,42,6.08400011062622,Community,Asia,Malaysia,458.0,Libraries,96.0,2017,Malaysia,31105028.0
Malaysia,42,6.08400011062622,Community,Asia,Malaysia,458.0,Internet_Access,96.0,2017,Malaysia,31105028.0
Malaysia,42,6.08400011062622,Community,Asia,Malaysia,458.0,Visits,2197797.0,2017,Malaysia,31105028.0
Malaysia,42,6.08400011062622,Community,Asia,Malaysia,458.0,Loans_books,1156428.0,2017,Malaysia,31105028.0
Malaysia,42,6.08400011062622,School,Asia,Malaysia,458.0,Libraries,10198.0,2017,Malaysia,31105028.0
Malaysia,42,6.08400011062622,School,Asia,Malaysia,458.0,Internet_Access,10193.0,2017,Malaysia,31105028.0
Malaysia,42,6.08400011062622,School,Asia,Malaysia,458.0,Staff,10198.0,2017,Malaysia,31105028.0
Nicaragua,43,6.07100009918213,Academic,Latin America and the Caribbean,Nicaragua,558.0,Libraries,52.0,2017,Nicaragua,6384855.0
Nicaragua,43,6.07100009918213,Academic,Latin America and the Caribbean,Nicaragua,558.0,Internet_Access,52.0,2017,Nicaragua,6384855.0
Nicaragua,43,6.07100009918213,Academic,Latin America and the Caribbean,Nicaragua,558.0,Staff,279.0,2017,Nicaragua,6384855.0
Nicaragua,43,6.07100009918213,Academic,Latin America and the Caribbean,Nicaragua,558.0,Volunteers,142.0,2017,Nicaragua,6384855.0
Nicaragua,43,6.07100009918213,Academic,Latin America and the Caribbean,Nicaragua,558.0,Visits,1850406.0,2017,Nicaragua,6384855.0
Nicaragua,43,6.07100009918213,Academic,Latin America and the Caribbean,Nicaragua,558.0,Loans_books,1850.0,2017,Nicaragua,6384855.0
Nicaragua,43,6.07100009918213,Academic,Latin America and the Caribbean,Nicaragua,558.0,Loans_eBooks,22315.0,2017,Nicaragua,6384855.0
Nicaragua,43,6.07100009918213,Academic,Latin America and the Caribbean,Nicaragua,558.0,Loans_downloads,177338.0,2017,Nicaragua,6384855.0
Nicaragua,43,6.07100009918213,Public,Latin America and the Caribbean,Nicaragua,558.0,Volunteers,85.0,2017,Nicaragua,6384855.0
Nicaragua,43,6.07100009918213,Public,Latin America and the Caribbean,Nicaragua,558.0,Users,3933.0,2017,Nicaragua,6384855.0
Nicaragua,43,6.07100009918213,Public,Latin America and the Caribbean,Nicaragua,558.0,Visits,171939.0,2017,Nicaragua,6384855.0
Nicaragua,43,6.07100009918213,Public,Latin America and the Caribbean,Nicaragua,558.0,Loans_books,1460000.0,2017,Nicaragua,6384855.0
Nicaragua,43,6.07100009918213,Community,Latin America and the Caribbean,Nicaragua,558.0,Libraries,25.0,2017,Nicaragua,6384855.0
Nicaragua,43,6.07100009918213,Community,Latin America and the Caribbean,Nicaragua,558.0,Internet_Access,25.0,2017,Nicaragua,6384855.0
Nicaragua,43,6.07100009918213,Community,Latin America and the Caribbean,Nicaragua,558.0,Staff,36.0,2017,Nicaragua,6384855.0
Nicaragua,43,6.07100009918213,Community,Latin America and the Caribbean,Nicaragua,558.0,Volunteers,56.0,2017,Nicaragua,6384855.0
Nicaragua,43,6.07100009918213,Community,Latin America and the Caribbean,Nicaragua,558.0,Users,152.0,2017,Nicaragua,6384855.0
Nicaragua,43,6.07100009918213,Community,Latin America and the Caribbean,Nicaragua,558.0,Visits,4893.0,2017,Nicaragua,6384855.0
Nicaragua,43,6.07100009918213,Community,Latin America and the Caribbean,Nicaragua,558.0,Loans_books,18236.0,2017,Nicaragua,6384855.0
Nicaragua,43,6.07100009918213,School,Latin America and the Caribbean,Nicaragua,558.0,Libraries,597.0,2017,Nicaragua,6384855.0
Nicaragua,43,6.07100009918213,School,Latin America and the Caribbean,Nicaragua,558.0,Internet_Access,184.0,2017,Nicaragua,6384855.0
Nicaragua,43,6.07100009918213,School,Latin America and the Caribbean,Nicaragua,558.0,Staff,480.0,2017,Nicaragua,6384855.0
Nicaragua,43,6.07100009918213,School,Latin America and the Caribbean,Nicaragua,558.0,Volunteers,388.0,2017,Nicaragua,6384855.0
Nicaragua,43,6.07100009918213,School,Latin America and the Caribbean,Nicaragua,558.0,Visits,204856.0,2017,Nicaragua,6384855.0
Nicaragua,43,6.07100009918213,School,Latin America and the Caribbean,Nicaragua,558.0,Loans_books,500000.0,2017,Nicaragua,6384855.0
Ecuador,44,6.00799989700317,Academic,Latin America and the Caribbean,Ecuador,218.0,Libraries,37.0,2017,Ecuador,16785361.0
Ecuador,44,6.00799989700317,Academic,Latin America and the Caribbean,Ecuador,218.0,Internet_Access,37.0,2017,Ecuador,16785361.0
Ecuador,44,6.00799989700317,Public,Latin America and the Caribbean,Ecuador,218.0,Libraries,12.0,2017,Ecuador,16785361.0
Ecuador,44,6.00799989700317,Public,Latin America and the Caribbean,Ecuador,218.0,Internet_Access,12.0,2017,Ecuador,16785361.0
Ecuador,44,6.00799989700317,Community,Latin America and the Caribbean,Ecuador,218.0,Libraries,27.0,2017,Ecuador,16785361.0
Ecuador,44,6.00799989700317,Community,Latin America and the Caribbean,Ecuador,218.0,Internet_Access,27.0,2017,Ecuador,16785361.0
Ecuador,44,6.00799989700317,School,Latin America and the Caribbean,Ecuador,218.0,Libraries,1290.0,2017,Ecuador,16785361.0
Ecuador,44,6.00799989700317,School,Latin America and the Caribbean,Ecuador,218.0,Internet_Access,751.0,2017,Ecuador,16785361.0
Ecuador,44,6.00799989700317,School,Latin America and the Caribbean,Ecuador,218.0,Staff,1122.0,2017,Ecuador,16785361.0
Ecuador,44,6.00799989700317,School,Latin America and the Caribbean,Ecuador,218.0,Users,700000.0,2017,Ecuador,16785361.0
Ecuador,44,6.00799989700317,School,Latin America and the Caribbean,Ecuador,218.0,Visits,2788249.0,2017,Ecuador,16785361.0
Ecuador,44,6.00799989700317,School,Latin America and the Caribbean,Ecuador,218.0,Loans_books,1386134.0,2017,Ecuador,16785361.0
Ecuador,44,6.00799989700317,Other,Latin America and the Caribbean,Ecuador,218.0,Libraries,4.0,2017,Ecuador,16785361.0
Ecuador,44,6.00799989700317,Other,Latin America and the Caribbean,Ecuador,218.0,Internet_Access,4.0,2017,Ecuador,16785361.0
El Salvador,45,6.002999782562259,Academic,Latin America and the Caribbean,El Salvador,222.0,Libraries,25.0,2017,El Salvador,6388122.0
El Salvador,45,6.002999782562259,Academic,Latin America and the Caribbean,El Salvador,222.0,Internet_Access,25.0,2017,El Salvador,6388122.0
El Salvador,45,6.002999782562259,Academic,Latin America and the Caribbean,El Salvador,222.0,Staff,58.0,2017,El Salvador,6388122.0
El Salvador,45,6.002999782562259,Academic,Latin America and the Caribbean,El Salvador,222.0,Volunteers,82.0,2017,El Salvador,6388122.0
El Salvador,45,6.002999782562259,Academic,Latin America and the Caribbean,El Salvador,222.0,Users,38692.0,2017,El Salvador,6388122.0
El Salvador,45,6.002999782562259,Academic,Latin America and the Caribbean,El Salvador,222.0,Visits,636647.0,2017,El Salvador,6388122.0
El Salvador,45,6.002999782562259,Academic,Latin America and the Caribbean,El Salvador,222.0,Loans_books,360865.0,2017,El Salvador,6388122.0
El Salvador,45,6.002999782562259,Academic,Latin America and the Caribbean,El Salvador,222.0,Loans_documents,9129.0,2017,El Salvador,6388122.0
El Salvador,45,6.002999782562259,Academic,Latin America and the Caribbean,El Salvador,222.0,Loans_eBooks,18771.0,2017,El Salvador,6388122.0
El Salvador,45,6.002999782562259,Academic,Latin America and the Caribbean,El Salvador,222.0,Loans_audio_books,1921.0,2017,El Salvador,6388122.0
El Salvador,45,6.002999782562259,Academic,Latin America and the Caribbean,El Salvador,222.0,Loans_downloads,81864.0,2017,El Salvador,6388122.0
El Salvador,45,6.002999782562259,School,Latin America and the Caribbean,El Salvador,222.0,Libraries,2.0,2017,El Salvador,6388122.0
El Salvador,45,6.002999782562259,School,Latin America and the Caribbean,El Salvador,222.0,Internet_Access,2.0,2017,El Salvador,6388122.0
El Salvador,45,6.002999782562259,School,Latin America and the Caribbean,El Salvador,222.0,Staff,4.0,2017,El Salvador,6388122.0
El Salvador,45,6.002999782562259,School,Latin America and the Caribbean,El Salvador,222.0,Volunteers,25.0,2017,El Salvador,6388122.0
El Salvador,45,6.002999782562259,School,Latin America and the Caribbean,El Salvador,222.0,Users,825.0,2017,El Salvador,6388122.0
El Salvador,45,6.002999782562259,School,Latin America and the Caribbean,El Salvador,222.0,Visits,22920.0,2017,El Salvador,6388122.0
El Salvador,45,6.002999782562259,School,Latin America and the Caribbean,El Salvador,222.0,Loans_books,174765.0,2017,El Salvador,6388122.0
El Salvador,45,6.002999782562259,School,Latin America and the Caribbean,El Salvador,222.0,Loans_documents,20.0,2017,El Salvador,6388122.0
El Salvador,45,6.002999782562259,School,Latin America and the Caribbean,El Salvador,222.0,Loans_eBooks,4125.0,2017,El Salvador,6388122.0
El Salvador,45,6.002999782562259,School,Latin America and the Caribbean,El Salvador,222.0,Loans_downloads,4950.0,2017,El Salvador,6388122.0
Poland,46,5.97300004959106,Academic,Europe,Poland,616.0,Libraries,896.0,2017,Poland,37974826.0
Poland,46,5.97300004959106,Academic,Europe,Poland,616.0,Internet_Access,750.0,2017,Poland,37974826.0
Poland,46,5.97300004959106,Academic,Europe,Poland,616.0,Staff,7505.0,2017,Poland,37974826.0
Poland,46,5.97300004959106,Academic,Europe,Poland,616.0,Users,2628530.0,2017,Poland,37974826.0
Poland,46,5.97300004959106,Academic,Europe,Poland,616.0,Visits,15597530.0,2017,Poland,37974826.0
Poland,46,5.97300004959106,Academic,Europe,Poland,616.0,Loans_books,26316518.0,2017,Poland,37974826.0
Poland,46,5.97300004959106,Academic,Europe,Poland,616.0,Loans_documents,37844.0,2017,Poland,37974826.0
Poland,46,5.97300004959106,Academic,Europe,Poland,616.0,Loans_audio_books,131990.0,2017,Poland,37974826.0
Poland,46,5.97300004959106,Public,Europe,Poland,616.0,Internet_Access,7090.0,2017,Poland,37974826.0
Poland,46,5.97300004959106,Public,Europe,Poland,616.0,Staff,18325.0,2017,Poland,37974826.0
Poland,46,5.97300004959106,Public,Europe,Poland,616.0,Users,7501413.0,2017,Poland,37974826.0
Poland,46,5.97300004959106,Public,Europe,Poland,616.0,Visits,73959563.0,2017,Poland,37974826.0
Poland,46,5.97300004959106,Public,Europe,Poland,616.0,Loans_books,120400000.0,2017,Poland,37974826.0
Poland,46,5.97300004959106,Public,Europe,Poland,616.0,Loans_documents,134833.0,2017,Poland,37974826.0
Poland,46,5.97300004959106,Public,Europe,Poland,616.0,Loans_downloads,16053322.0,2017,Poland,37974826.0
Poland,46,5.97300004959106,Other,Europe,Poland,616.0,Libraries,640.0,2017,Poland,37974826.0
Poland,46,5.97300004959106,Other,Europe,Poland,616.0,Internet_Access,547.0,2017,Poland,37974826.0
Poland,46,5.97300004959106,Other,Europe,Poland,616.0,Staff,1671.0,2017,Poland,37974826.0
Poland,46,5.97300004959106,Other,Europe,Poland,616.0,Users,599670.0,2017,Poland,37974826.0
Poland,46,5.97300004959106,Other,Europe,Poland,616.0,Visits,2786029.0,2017,Poland,37974826.0
Poland,46,5.97300004959106,Other,Europe,Poland,616.0,Loans_books,4926304.0,2017,Poland,37974826.0
Poland,46,5.97300004959106,Other,Europe,Poland,616.0,Loans_documents,20944.0,2017,Poland,37974826.0
Poland,46,5.97300004959106,Other,Europe,Poland,616.0,Loans_audio_books,18855.0,2017,Poland,37974826.0
Kazakhstan,60,5.8189997673034695,Public,Asia,Kazakhstan,398.0,Libraries,4052.0,2017,Kazakhstan,18037776.0
Mauritius,64,5.62900018692017,Academic,Africa,Mauritius,480.0,Libraries,10.0,2017,Mauritius,1264613.0
Mauritius,64,5.62900018692017,Academic,Africa,Mauritius,480.0,Internet_Access,3.0,2017,Mauritius,1264613.0
Mauritius,64,5.62900018692017,Academic,Africa,Mauritius,480.0,Staff,125.0,2017,Mauritius,1264613.0
Mauritius,64,5.62900018692017,Academic,Africa,Mauritius,480.0,Users,40000.0,2017,Mauritius,1264613.0
Mauritius,64,5.62900018692017,National,Africa,Mauritius,480.0,Libraries,1.0,2017,Mauritius,1264613.0
Mauritius,64,5.62900018692017,National,Africa,Mauritius,480.0,Staff,28.0,2017,Mauritius,1264613.0
Mauritius,64,5.62900018692017,Public,Africa,Mauritius,480.0,Libraries,13.0,2017,Mauritius,1264613.0
Mauritius,64,5.62900018692017,Public,Africa,Mauritius,480.0,Internet_Access,3.0,2017,Mauritius,1264613.0
Mauritius,64,5.62900018692017,Public,Africa,Mauritius,480.0,Staff,68.0,2017,Mauritius,1264613.0
Mauritius,64,5.62900018692017,Public,Africa,Mauritius,480.0,Users,5600.0,2017,Mauritius,1264613.0
Mauritius,64,5.62900018692017,Public,Africa,Mauritius,480.0,Visits,6000.0,2017,Mauritius,1264613.0
Mauritius,64,5.62900018692017,School,Africa,Mauritius,480.0,Libraries,108.0,2017,Mauritius,1264613.0
Mauritius,64,5.62900018692017,School,Africa,Mauritius,480.0,Staff,261.0,2017,Mauritius,1264613.0
Mauritius,64,5.62900018692017,School,Africa,Mauritius,480.0,Users,121144.0,2017,Mauritius,1264613.0
Turkey,69,5.5,National,Asia,Turkey,792.0,Libraries,1.0,2017,Turkey,81101892.0
Turkey,69,5.5,National,Asia,Turkey,792.0,Internet_Access,1.0,2017,Turkey,81101892.0
Turkey,69,5.5,National,Asia,Turkey,792.0,Staff,194.0,2017,Turkey,81101892.0
Turkey,69,5.5,National,Asia,Turkey,792.0,Volunteers,80.0,2017,Turkey,81101892.0
Turkey,69,5.5,National,Asia,Turkey,792.0,Users,100918.0,2017,Turkey,81101892.0
Turkey,69,5.5,National,Asia,Turkey,792.0,Visits,437100.0,2017,Turkey,81101892.0
Turkey,69,5.5,National,Asia,Turkey,792.0,Loans_books,54422.0,2017,Turkey,81101892.0
Turkey,69,5.5,National,Asia,Turkey,792.0,Loans_documents,263452.0,2017,Turkey,81101892.0
Turkey,69,5.5,National,Asia,Turkey,792.0,Loans_audio_books,21092.0,2017,Turkey,81101892.0
Turkey,69,5.5,National,Asia,Turkey,792.0,Loans_downloads,13514.0,2017,Turkey,81101892.0
Turkey,69,5.5,Public,Asia,Turkey,792.0,Libraries,1143.0,2017,Turkey,81101892.0
Serbia,73,5.39499998092651,National,Europe,Serbia,688.0,Internet_Access,2.0,2017,Serbia,7020858.0
Hungary,75,5.32399988174438,Academic,Europe,Hungary,348.0,Libraries,209.0,2017,Hungary,9787966.0
Hungary,75,5.32399988174438,Academic,Europe,Hungary,348.0,Internet_Access,173.0,2017,Hungary,9787966.0
Hungary,75,5.32399988174438,Academic,Europe,Hungary,348.0,Staff,1526.0,2017,Hungary,9787966.0
Hungary,75,5.32399988174438,Academic,Europe,Hungary,348.0,Volunteers,106.0,2017,Hungary,9787966.0
Hungary,75,5.32399988174438,Academic,Europe,Hungary,348.0,Users,470316.0,2017,Hungary,9787966.0
Hungary,75,5.32399988174438,Academic,Europe,Hungary,348.0,Visits,5101270.0,2017,Hungary,9787966.0
Hungary,75,5.32399988174438,Academic,Europe,Hungary,348.0,Loans_books,2687194.0,2017,Hungary,9787966.0
Hungary,75,5.32399988174438,Academic,Europe,Hungary,348.0,Loans_documents,25986.0,2017,Hungary,9787966.0
Hungary,75,5.32399988174438,Academic,Europe,Hungary,348.0,Loans_downloads,38344606.0,2017,Hungary,9787966.0
Hungary,75,5.32399988174438,National,Europe,Hungary,348.0,Libraries,1.0,2017,Hungary,9787966.0
Hungary,75,5.32399988174438,National,Europe,Hungary,348.0,Internet_Access,1.0,2017,Hungary,9787966.0
Hungary,75,5.32399988174438,National,Europe,Hungary,348.0,Staff,485.0,2017,Hungary,9787966.0
Hungary,75,5.32399988174438,National,Europe,Hungary,348.0,Volunteers,28.0,2017,Hungary,9787966.0
Hungary,75,5.32399988174438,National,Europe,Hungary,348.0,Users,8941.0,2017,Hungary,9787966.0
Hungary,75,5.32399988174438,National,Europe,Hungary,348.0,Visits,37147.0,2017,Hungary,9787966.0
Hungary,75,5.32399988174438,National,Europe,Hungary,348.0,Loans_books,82554.0,2017,Hungary,9787966.0
Hungary,75,5.32399988174438,National,Europe,Hungary,348.0,Loans_documents,372.0,2017,Hungary,9787966.0
Hungary,75,5.32399988174438,National,Europe,Hungary,348.0,Loans_downloads,21398761.0,2017,Hungary,9787966.0
Hungary,75,5.32399988174438,Public,Europe,Hungary,348.0,Libraries,3386.0,2017,Hungary,9787966.0
Hungary,75,5.32399988174438,Public,Europe,Hungary,348.0,Internet_Access,3162.0,2017,Hungary,9787966.0
Hungary,75,5.32399988174438,Public,Europe,Hungary,348.0,Staff,3885.0,2017,Hungary,9787966.0
Hungary,75,5.32399988174438,Public,Europe,Hungary,348.0,Volunteers,1239.0,2017,Hungary,9787966.0
Hungary,75,5.32399988174438,Public,Europe,Hungary,348.0,Users,1801602.0,2017,Hungary,9787966.0
Hungary,75,5.32399988174438,Public,Europe,Hungary,348.0,Visits,16956700.0,2017,Hungary,9787966.0
Hungary,75,5.32399988174438,Public,Europe,Hungary,348.0,Loans_books,24559357.0,2017,Hungary,9787966.0
Hungary,75,5.32399988174438,Public,Europe,Hungary,348.0,Loans_documents,127760.0,2017,Hungary,9787966.0
Hungary,75,5.32399988174438,Public,Europe,Hungary,348.0,Loans_downloads,34564926.0,2017,Hungary,9787966.0
Hungary,75,5.32399988174438,Community,Europe,Hungary,348.0,Libraries,35.0,2017,Hungary,9787966.0
Hungary,75,5.32399988174438,Community,Europe,Hungary,348.0,Internet_Access,30.0,2017,Hungary,9787966.0
Hungary,75,5.32399988174438,Community,Europe,Hungary,348.0,Staff,68.0,2017,Hungary,9787966.0
Hungary,75,5.32399988174438,Community,Europe,Hungary,348.0,Volunteers,18.0,2017,Hungary,9787966.0
Hungary,75,5.32399988174438,Community,Europe,Hungary,348.0,Users,22505.0,2017,Hungary,9787966.0
Hungary,75,5.32399988174438,Community,Europe,Hungary,348.0,Visits,345784.0,2017,Hungary,9787966.0
Hungary,75,5.32399988174438,Community,Europe,Hungary,348.0,Loans_books,235018.0,2017,Hungary,9787966.0
Hungary,75,5.32399988174438,Community,Europe,Hungary,348.0,Loans_documents,335.0,2017,Hungary,9787966.0
Hungary,75,5.32399988174438,Community,Europe,Hungary,348.0,Loans_downloads,618401.0,2017,Hungary,9787966.0
Hungary,75,5.32399988174438,School,Europe,Hungary,348.0,Libraries,3378.0,2017,Hungary,9787966.0
Hungary,75,5.32399988174438,Other,Europe,Hungary,348.0,Libraries,59.0,2017,Hungary,9787966.0
Hungary,75,5.32399988174438,Other,Europe,Hungary,348.0,Internet_Access,47.0,2017,Hungary,9787966.0
Hungary,75,5.32399988174438,Other,Europe,Hungary,348.0,Staff,90.0,2017,Hungary,9787966.0
Hungary,75,5.32399988174438,Other,Europe,Hungary,348.0,Volunteers,117.0,2017,Hungary,9787966.0
Hungary,75,5.32399988174438,Other,Europe,Hungary,348.0,Users,27971.0,2017,Hungary,9787966.0
Hungary,75,5.32399988174438,Other,Europe,Hungary,348.0,Visits,184588.0,2017,Hungary,9787966.0
Hungary,75,5.32399988174438,Other,Europe,Hungary,348.0,Loans_books,353947.0,2017,Hungary,9787966.0
Hungary,75,5.32399988174438,Other,Europe,Hungary,348.0,Loans_documents,1761.0,2017,Hungary,9787966.0
Hungary,75,5.32399988174438,Other,Europe,Hungary,348.0,Loans_downloads,74423.0,2017,Hungary,9787966.0
Jamaica,76,5.31099987030029,Academic,Latin America and the Caribbean,Jamaica,388.0,Libraries,86.0,2017,Jamaica,2920853.0
Jamaica,76,5.31099987030029,Academic,Latin America and the Caribbean,Jamaica,388.0,Internet_Access,81.0,2017,Jamaica,2920853.0
Jamaica,76,5.31099987030029,Academic,Latin America and the Caribbean,Jamaica,388.0,Staff,438.0,2017,Jamaica,2920853.0
Jamaica,76,5.31099987030029,Academic,Latin America and the Caribbean,Jamaica,388.0,Volunteers,629.0,2017,Jamaica,2920853.0
Jamaica,76,5.31099987030029,Academic,Latin America and the Caribbean,Jamaica,388.0,Users,50738.0,2017,Jamaica,2920853.0
Jamaica,76,5.31099987030029,Academic,Latin America and the Caribbean,Jamaica,388.0,Visits,309406.0,2017,Jamaica,2920853.0
Jamaica,76,5.31099987030029,Academic,Latin America and the Caribbean,Jamaica,388.0,Loans_books,95843.0,2017,Jamaica,2920853.0
Jamaica,76,5.31099987030029,Academic,Latin America and the Caribbean,Jamaica,388.0,Loans_documents,33432.0,2017,Jamaica,2920853.0
Jamaica,76,5.31099987030029,Academic,Latin America and the Caribbean,Jamaica,388.0,Loans_eBooks,14476.0,2017,Jamaica,2920853.0
Jamaica,76,5.31099987030029,Academic,Latin America and the Caribbean,Jamaica,388.0,Loans_audio_books,591.0,2017,Jamaica,2920853.0
Jamaica,76,5.31099987030029,Academic,Latin America and the Caribbean,Jamaica,388.0,Loans_downloads,4842003.0,2017,Jamaica,2920853.0
Jamaica,76,5.31099987030029,National,Latin America and the Caribbean,Jamaica,388.0,Libraries,1.0,2017,Jamaica,2920853.0
Jamaica,76,5.31099987030029,National,Latin America and the Caribbean,Jamaica,388.0,Internet_Access,1.0,2017,Jamaica,2920853.0
Jamaica,76,5.31099987030029,National,Latin America and the Caribbean,Jamaica,388.0,Staff,78.0,2017,Jamaica,2920853.0
Jamaica,76,5.31099987030029,National,Latin America and the Caribbean,Jamaica,388.0,Users,8419.0,2017,Jamaica,2920853.0
Jamaica,76,5.31099987030029,National,Latin America and the Caribbean,Jamaica,388.0,Visits,9136.0,2017,Jamaica,2920853.0
Jamaica,76,5.31099987030029,National,Latin America and the Caribbean,Jamaica,388.0,Loans_books,24039.0,2017,Jamaica,2920853.0
Jamaica,76,5.31099987030029,National,Latin America and the Caribbean,Jamaica,388.0,Loans_documents,1.0,2017,Jamaica,2920853.0
Jamaica,76,5.31099987030029,National,Latin America and the Caribbean,Jamaica,388.0,Loans_eBooks,0.0,2017,Jamaica,2920853.0
Jamaica,76,5.31099987030029,National,Latin America and the Caribbean,Jamaica,388.0,Loans_audio_books,0.0,2017,Jamaica,2920853.0
Jamaica,76,5.31099987030029,National,Latin America and the Caribbean,Jamaica,388.0,Loans_downloads,0.0,2017,Jamaica,2920853.0
Jamaica,76,5.31099987030029,Public,Latin America and the Caribbean,Jamaica,388.0,Libraries,118.0,2017,Jamaica,2920853.0
Jamaica,76,5.31099987030029,Public,Latin America and the Caribbean,Jamaica,388.0,Internet_Access,101.0,2017,Jamaica,2920853.0
Jamaica,76,5.31099987030029,Public,Latin America and the Caribbean,Jamaica,388.0,Staff,1017.0,2017,Jamaica,2920853.0
Jamaica,76,5.31099987030029,Public,Latin America and the Caribbean,Jamaica,388.0,Volunteers,246.0,2017,Jamaica,2920853.0
Jamaica,76,5.31099987030029,Public,Latin America and the Caribbean,Jamaica,388.0,Users,442904.0,2017,Jamaica,2920853.0
Jamaica,76,5.31099987030029,Public,Latin America and the Caribbean,Jamaica,388.0,Visits,1446755.0,2017,Jamaica,2920853.0
Jamaica,76,5.31099987030029,Public,Latin America and the Caribbean,Jamaica,388.0,Loans_books,676576.0,2017,Jamaica,2920853.0
Jamaica,76,5.31099987030029,Public,Latin America and the Caribbean,Jamaica,388.0,Loans_documents,118.0,2017,Jamaica,2920853.0
Jamaica,76,5.31099987030029,School,Latin America and the Caribbean,Jamaica,388.0,Libraries,899.0,2017,Jamaica,2920853.0
Jamaica,76,5.31099987030029,School,Latin America and the Caribbean,Jamaica,388.0,Staff,122.0,2017,Jamaica,2920853.0
Jamaica,76,5.31099987030029,School,Latin America and the Caribbean,Jamaica,388.0,Visits,390415.0,2017,Jamaica,2920853.0
Jamaica,76,5.31099987030029,Other,Latin America and the Caribbean,Jamaica,388.0,Libraries,69.0,2017,Jamaica,2920853.0
Jamaica,76,5.31099987030029,Other,Latin America and the Caribbean,Jamaica,388.0,Internet_Access,68.0,2017,Jamaica,2920853.0
Jamaica,76,5.31099987030029,Other,Latin America and the Caribbean,Jamaica,388.0,Staff,138.0,2017,Jamaica,2920853.0
Jamaica,76,5.31099987030029,Other,Latin America and the Caribbean,Jamaica,388.0,Volunteers,217.0,2017,Jamaica,2920853.0
Jamaica,76,5.31099987030029,Other,Latin America and the Caribbean,Jamaica,388.0,Users,138.0,2017,Jamaica,2920853.0
Jamaica,76,5.31099987030029,Other,Latin America and the Caribbean,Jamaica,388.0,Visits,4600.0,2017,Jamaica,2920853.0
Jamaica,76,5.31099987030029,Other,Latin America and the Caribbean,Jamaica,388.0,Loans_books,36800.0,2017,Jamaica,2920853.0
Jamaica,76,5.31099987030029,Other,Latin America and the Caribbean,Jamaica,388.0,Loans_documents,750.0,2017,Jamaica,2920853.0
Jamaica,76,5.31099987030029,Other,Latin America and the Caribbean,Jamaica,388.0,Loans_downloads,840.0,2017,Jamaica,2920853.0
China,79,5.2729997634887695,Public,Asia,China,156.0,Libraries,2994.0,2017,China,1386395000.0
China,79,5.2729997634887695,Public,Asia,China,156.0,Internet_Access,2767.0,2017,China,1386395000.0
China,79,5.2729997634887695,Public,Asia,China,156.0,Staff,49958.0,2017,China,1386395000.0
China,79,5.2729997634887695,Public,Asia,China,156.0,Users,96254000.0,2017,China,1386395000.0
Dominican Republic,86,5.230000019073491,Academic,Latin America and the Caribbean,Dominican Republic,214.0,Libraries,77.0,2017,Dominican Republic,10513131.0
Dominican Republic,86,5.230000019073491,National,Latin America and the Caribbean,Dominican Republic,214.0,Libraries,1.0,2017,Dominican Republic,10513131.0
Dominican Republic,86,5.230000019073491,National,Latin America and the Caribbean,Dominican Republic,214.0,Internet_Access,1.0,2017,Dominican Republic,10513131.0
Dominican Republic,86,5.230000019073491,Public,Latin America and the Caribbean,Dominican Republic,214.0,Libraries,276.0,2017,Dominican Republic,10513131.0
Dominican Republic,86,5.230000019073491,Public,Latin America and the Caribbean,Dominican Republic,214.0,Internet_Access,75.0,2017,Dominican Republic,10513131.0
Dominican Republic,86,5.230000019073491,Public,Latin America and the Caribbean,Dominican Republic,214.0,Staff,83.0,2017,Dominican Republic,10513131.0
Dominican Republic,86,5.230000019073491,Public,Latin America and the Caribbean,Dominican Republic,214.0,Volunteers,122.0,2017,Dominican Republic,10513131.0
Dominican Republic,86,5.230000019073491,Public,Latin America and the Caribbean,Dominican Republic,214.0,Users,20573.0,2017,Dominican Republic,10513131.0
Dominican Republic,86,5.230000019073491,Public,Latin America and the Caribbean,Dominican Republic,214.0,Visits,393571.0,2017,Dominican Republic,10513131.0
Dominican Republic,86,5.230000019073491,School,Latin America and the Caribbean,Dominican Republic,214.0,Libraries,995.0,2017,Dominican Republic,10513131.0
Dominican Republic,86,5.230000019073491,Other,Latin America and the Caribbean,Dominican Republic,214.0,Libraries,128.0,2017,Dominican Republic,10513131.0
Greece,87,5.2270002365112305,Academic,Europe,Greece,300.0,Loans_books,961234.0,2017,Greece,10754679.0
Portugal,89,5.19500017166138,Public,Europe,Portugal,620.0,Libraries,849.0,2017,Portugal,10300300.0
Portugal,89,5.19500017166138,Public,Europe,Portugal,620.0,Internet_Access,454.0,2017,Portugal,10300300.0
Portugal,89,5.19500017166138,Public,Europe,Portugal,620.0,Staff,2600.0,2017,Portugal,10300300.0
Portugal,89,5.19500017166138,Public,Europe,Portugal,620.0,Users,1512305.0,2017,Portugal,10300300.0
Portugal,89,5.19500017166138,Public,Europe,Portugal,620.0,Visits,7183848.0,2017,Portugal,10300300.0
Portugal,89,5.19500017166138,Public,Europe,Portugal,620.0,Loans_books,2126076.0,2017,Portugal,10300300.0
Portugal,89,5.19500017166138,Public,Europe,Portugal,620.0,Loans_documents,266460.0,2017,Portugal,10300300.0
Honduras,91,5.1810002326965305,Academic,Latin America and the Caribbean,Honduras,340.0,Libraries,27.0,2017,Honduras,9429013.0
Honduras,91,5.1810002326965305,Academic,Latin America and the Caribbean,Honduras,340.0,Internet_Access,27.0,2017,Honduras,9429013.0
Honduras,91,5.1810002326965305,Academic,Latin America and the Caribbean,Honduras,340.0,Staff,182.0,2017,Honduras,9429013.0
Honduras,91,5.1810002326965305,Academic,Latin America and the Caribbean,Honduras,340.0,Volunteers,42.0,2017,Honduras,9429013.0
Honduras,91,5.1810002326965305,Academic,Latin America and the Caribbean,Honduras,340.0,Users,127759.0,2017,Honduras,9429013.0
Honduras,91,5.1810002326965305,Academic,Latin America and the Caribbean,Honduras,340.0,Visits,932598.0,2017,Honduras,9429013.0
Honduras,91,5.1810002326965305,Academic,Latin America and the Caribbean,Honduras,340.0,Loans_books,110994.0,2017,Honduras,9429013.0
Honduras,91,5.1810002326965305,Academic,Latin America and the Caribbean,Honduras,340.0,Loans_eBooks,33701.0,2017,Honduras,9429013.0
Honduras,91,5.1810002326965305,Academic,Latin America and the Caribbean,Honduras,340.0,Loans_downloads,45337.0,2017,Honduras,9429013.0
Nigeria,95,5.07399988174438,Academic,Africa,Nigeria,566.0,Libraries,815.0,2017,Nigeria,190873311.0
Bhutan,97,5.01100015640259,National,Asia,Bhutan,64.0,Libraries,1.0,2017,Bhutan,745568.0
Bhutan,97,5.01100015640259,National,Asia,Bhutan,64.0,Volunteers,0.0,2017,Bhutan,745568.0
Nepal,99,4.961999893188481,Public,Asia,Nepal,524.0,Libraries,7.0,2017,Nepal,27627124.0
Nepal,99,4.961999893188481,Public,Asia,Nepal,524.0,Internet_Access,7.0,2017,Nepal,27627124.0
Nepal,99,4.961999893188481,Public,Asia,Nepal,524.0,Staff,21.0,2017,Nepal,27627124.0
Nepal,99,4.961999893188481,Public,Asia,Nepal,524.0,Volunteers,8.0,2017,Nepal,27627124.0
Nepal,99,4.961999893188481,Public,Asia,Nepal,524.0,Users,25400.0,2017,Nepal,27627124.0
Nepal,99,4.961999893188481,Public,Asia,Nepal,524.0,Visits,257240.0,2017,Nepal,27627124.0
Nepal,99,4.961999893188481,Public,Asia,Nepal,524.0,Loans_books,4700.0,2017,Nepal,27627124.0
Nepal,99,4.961999893188481,Public,Asia,Nepal,524.0,Loans_documents,240.0,2017,Nepal,27627124.0
Nepal,99,4.961999893188481,Public,Asia,Nepal,524.0,Loans_eBooks,10080.0,2017,Nepal,27627124.0
Nepal,99,4.961999893188481,Public,Asia,Nepal,524.0,Loans_audio_books,600.0,2017,Nepal,27627124.0
Nepal,99,4.961999893188481,Public,Asia,Nepal,524.0,Loans_downloads,22000.0,2017,Nepal,27627124.0
Nepal,99,4.961999893188481,School,Asia,Nepal,524.0,Libraries,8851.0,2017,Nepal,27627124.0
Nepal,99,4.961999893188481,School,Asia,Nepal,524.0,Internet_Access,1240.0,2017,Nepal,27627124.0
Nepal,99,4.961999893188481,School,Asia,Nepal,524.0,Staff,575.0,2017,Nepal,27627124.0
Nepal,99,4.961999893188481,School,Asia,Nepal,524.0,Users,3100000.0,2017,Nepal,27627124.0
Nepal,99,4.961999893188481,School,Asia,Nepal,524.0,Visits,973500.0,2017,Nepal,27627124.0
Nepal,99,4.961999893188481,School,Asia,Nepal,524.0,Loans_books,3.0,2017,Nepal,27627124.0
Bulgaria,105,4.71400022506714,National,Europe,Bulgaria,100.0,Libraries,1.0,2017,Bulgaria,7075947.0
Bulgaria,105,4.71400022506714,National,Europe,Bulgaria,100.0,Internet_Access,1.0,2017,Bulgaria,7075947.0
Bulgaria,105,4.71400022506714,National,Europe,Bulgaria,100.0,Staff,206.0,2017,Bulgaria,7075947.0
Bulgaria,105,4.71400022506714,National,Europe,Bulgaria,100.0,Users,9295.0,2017,Bulgaria,7075947.0
Bulgaria,105,4.71400022506714,National,Europe,Bulgaria,100.0,Visits,594934.0,2017,Bulgaria,7075947.0
Bulgaria,105,4.71400022506714,National,Europe,Bulgaria,100.0,Loans_books,368210.0,2017,Bulgaria,7075947.0
Bulgaria,105,4.71400022506714,Public,Europe,Bulgaria,100.0,Internet_Access,1659.0,2017,Bulgaria,7075947.0
Zambia,116,4.513999938964839,Public,Africa,Zambia,894.0,Staff,135.0,2017,Zambia,16853688.0
Zambia,116,4.513999938964839,Public,Africa,Zambia,894.0,Users,4000.0,2017,Zambia,16853688.0
Zambia,116,4.513999938964839,Public,Africa,Zambia,894.0,Visits,55787.0,2017,Zambia,16853688.0
Sri Lanka,120,4.44000005722046,National,Asia,Sri Lanka,144.0,Libraries,1.0,2017,Sri Lanka,21444000.0
Sri Lanka,120,4.44000005722046,National,Asia,Sri Lanka,144.0,Internet_Access,1.0,2017,Sri Lanka,21444000.0
Armenia,121,4.37599992752075,Academic,Asia,Armenia,51.0,Libraries,91.0,2017,Armenia,2944809.0
Armenia,121,4.37599992752075,Academic,Asia,Armenia,51.0,Internet_Access,91.0,2017,Armenia,2944809.0
Armenia,121,4.37599992752075,Academic,Asia,Armenia,51.0,Staff,376.0,2017,Armenia,2944809.0
Armenia,121,4.37599992752075,Public,Asia,Armenia,51.0,Libraries,135.0,2017,Armenia,2944809.0
Armenia,121,4.37599992752075,Other,Asia,Armenia,51.0,Libraries,6.0,2017,Armenia,2944809.0
Armenia,121,4.37599992752075,Other,Asia,Armenia,51.0,Internet_Access,6.0,2017,Armenia,2944809.0
India,122,4.31500005722046,Academic,Asia,India,356.0,Libraries,42238.0,2017,India,1338658835.0
India,122,4.31500005722046,Academic,Asia,India,356.0,Internet_Access,42238.0,2017,India,1338658835.0
India,122,4.31500005722046,National,Asia,India,356.0,Libraries,7.0,2017,India,1338658835.0
India,122,4.31500005722046,National,Asia,India,356.0,Internet_Access,1.0,2017,India,1338658835.0
India,122,4.31500005722046,Public,Asia,India,356.0,Libraries,146173.0,2017,India,1338658835.0
India,122,4.31500005722046,Community,Asia,India,356.0,Libraries,16500.0,2017,India,1338658835.0
India,122,4.31500005722046,Community,Asia,India,356.0,Staff,9000.0,2017,India,1338658835.0
India,122,4.31500005722046,Community,Asia,India,356.0,Volunteers,7500.0,2017,India,1338658835.0
India,122,4.31500005722046,Community,Asia,India,356.0,Users,1155000.0,2017,India,1338658835.0
India,122,4.31500005722046,Other,Asia,India,356.0,Libraries,319.0,2017,India,1338658835.0
India,122,4.31500005722046,Other,Asia,India,356.0,Internet_Access,319.0,2017,India,1338658835.0
Georgia,125,4.28599977493286,Academic,Asia,Georgia,268.0,Libraries,13.0,2017,Georgia,3728004.0
Georgia,125,4.28599977493286,Academic,Asia,Georgia,268.0,Internet_Access,13.0,2017,Georgia,3728004.0
Georgia,125,4.28599977493286,Academic,Asia,Georgia,268.0,Staff,295.0,2017,Georgia,3728004.0
Georgia,125,4.28599977493286,Academic,Asia,Georgia,268.0,Volunteers,350.0,2017,Georgia,3728004.0
Georgia,125,4.28599977493286,Academic,Asia,Georgia,268.0,Users,75000.0,2017,Georgia,3728004.0
Georgia,125,4.28599977493286,Academic,Asia,Georgia,268.0,Visits,5000.0,2017,Georgia,3728004.0
Georgia,125,4.28599977493286,Academic,Asia,Georgia,268.0,Loans_books,84017.0,2017,Georgia,3728004.0
Georgia,125,4.28599977493286,Academic,Asia,Georgia,268.0,Loans_documents,3000.0,2017,Georgia,3728004.0
Georgia,125,4.28599977493286,Academic,Asia,Georgia,268.0,Loans_eBooks,11200.0,2017,Georgia,3728004.0
Georgia,125,4.28599977493286,Academic,Asia,Georgia,268.0,Loans_audio_books,4703.0,2017,Georgia,3728004.0
Georgia,125,4.28599977493286,National,Asia,Georgia,268.0,Libraries,17.0,2017,Georgia,3728004.0
Georgia,125,4.28599977493286,National,Asia,Georgia,268.0,Internet_Access,17.0,2017,Georgia,3728004.0
Georgia,125,4.28599977493286,National,Asia,Georgia,268.0,Staff,476.0,2017,Georgia,3728004.0
Georgia,125,4.28599977493286,National,Asia,Georgia,268.0,Volunteers,20.0,2017,Georgia,3728004.0
Georgia,125,4.28599977493286,National,Asia,Georgia,268.0,Users,91041.0,2017,Georgia,3728004.0
Georgia,125,4.28599977493286,National,Asia,Georgia,268.0,Visits,10000.0,2017,Georgia,3728004.0
Georgia,125,4.28599977493286,National,Asia,Georgia,268.0,Loans_books,815793815.0,2017,Georgia,3728004.0
Georgia,125,4.28599977493286,National,Asia,Georgia,268.0,Loans_documents,104.0,2017,Georgia,3728004.0
Georgia,125,4.28599977493286,National,Asia,Georgia,268.0,Loans_eBooks,28926.0,2017,Georgia,3728004.0
Georgia,125,4.28599977493286,National,Asia,Georgia,268.0,Loans_audio_books,200.0,2017,Georgia,3728004.0
Georgia,125,4.28599977493286,National,Asia,Georgia,268.0,Loans_downloads,5283.0,2017,Georgia,3728004.0
Georgia,125,4.28599977493286,Public,Asia,Georgia,268.0,Libraries,66.0,2017,Georgia,3728004.0
Georgia,125,4.28599977493286,Public,Asia,Georgia,268.0,Internet_Access,66.0,2017,Georgia,3728004.0
Georgia,125,4.28599977493286,Public,Asia,Georgia,268.0,Staff,860.0,2017,Georgia,3728004.0
Georgia,125,4.28599977493286,Public,Asia,Georgia,268.0,Users,25089.0,2017,Georgia,3728004.0
Georgia,125,4.28599977493286,Public,Asia,Georgia,268.0,Visits,12000.0,2017,Georgia,3728004.0
Georgia,125,4.28599977493286,Public,Asia,Georgia,268.0,Loans_books,56034.0,2017,Georgia,3728004.0
Georgia,125,4.28599977493286,Public,Asia,Georgia,268.0,Loans_documents,100.0,2017,Georgia,3728004.0
Georgia,125,4.28599977493286,Community,Asia,Georgia,268.0,Libraries,266.0,2017,Georgia,3728004.0
Georgia,125,4.28599977493286,Community,Asia,Georgia,268.0,Internet_Access,151.0,2017,Georgia,3728004.0
Georgia,125,4.28599977493286,Community,Asia,Georgia,268.0,Staff,270.0,2017,Georgia,3728004.0
Georgia,125,4.28599977493286,School,Asia,Georgia,268.0,Libraries,2000.0,2017,Georgia,3728004.0
Georgia,125,4.28599977493286,School,Asia,Georgia,268.0,Staff,2000.0,2017,Georgia,3728004.0
Cambodia,129,4.1680002212524405,Academic,Asia,Cambodia,116.0,Libraries,110.0,2017,Cambodia,16009414.0
Cambodia,129,4.1680002212524405,National,Asia,Cambodia,116.0,Libraries,1.0,2017,Cambodia,16009414.0
Cambodia,129,4.1680002212524405,National,Asia,Cambodia,116.0,Internet_Access,1.0,2017,Cambodia,16009414.0
Cambodia,129,4.1680002212524405,National,Asia,Cambodia,116.0,Staff,21.0,2017,Cambodia,16009414.0
Cambodia,129,4.1680002212524405,National,Asia,Cambodia,116.0,Users,250.0,2017,Cambodia,16009414.0
Cambodia,129,4.1680002212524405,National,Asia,Cambodia,116.0,Visits,13000.0,2017,Cambodia,16009414.0
Cambodia,129,4.1680002212524405,National,Asia,Cambodia,116.0,Loans_books,2500.0,2017,Cambodia,16009414.0
Cambodia,129,4.1680002212524405,School,Asia,Cambodia,116.0,Libraries,3552.0,2017,Cambodia,16009414.0
Ghana,131,4.11999988555908,Academic,Africa,Ghana,288.0,Libraries,222.0,2017,Ghana,29121471.0
Ukraine,132,4.09600019454956,School,Europe,Ukraine,804.0,Internet_Access,4868.0,2017,Ukraine,44831135.0
Uganda,133,4.08099985122681,Academic,Africa,Uganda,800.0,Libraries,53.0,2017,Uganda,41162465.0
Uganda,133,4.08099985122681,Academic,Africa,Uganda,800.0,Internet_Access,53.0,2017,Uganda,41162465.0
Uganda,133,4.08099985122681,Academic,Africa,Uganda,800.0,Staff,30.0,2017,Uganda,41162465.0
Uganda,133,4.08099985122681,Academic,Africa,Uganda,800.0,Volunteers,5.0,2017,Uganda,41162465.0
Uganda,133,4.08099985122681,Academic,Africa,Uganda,800.0,Loans_audio_books,100.0,2017,Uganda,41162465.0
Uganda,133,4.08099985122681,Academic,Africa,Uganda,800.0,Loans_downloads,200.0,2017,Uganda,41162465.0
Uganda,133,4.08099985122681,National,Africa,Uganda,800.0,Libraries,1.0,2017,Uganda,41162465.0
Uganda,133,4.08099985122681,National,Africa,Uganda,800.0,Internet_Access,1.0,2017,Uganda,41162465.0
Uganda,133,4.08099985122681,National,Africa,Uganda,800.0,Staff,21.0,2017,Uganda,41162465.0
Uganda,133,4.08099985122681,National,Africa,Uganda,800.0,Volunteers,3.0,2017,Uganda,41162465.0
Uganda,133,4.08099985122681,National,Africa,Uganda,800.0,Visits,360.0,2017,Uganda,41162465.0
Uganda,133,4.08099985122681,Public,Africa,Uganda,800.0,Libraries,45.0,2017,Uganda,41162465.0
Uganda,133,4.08099985122681,Public,Africa,Uganda,800.0,Internet_Access,17.0,2017,Uganda,41162465.0
Uganda,133,4.08099985122681,Public,Africa,Uganda,800.0,Staff,2.0,2017,Uganda,41162465.0
Uganda,133,4.08099985122681,Public,Africa,Uganda,800.0,Visits,480.0,2017,Uganda,41162465.0
Uganda,133,4.08099985122681,Community,Africa,Uganda,800.0,Libraries,132.0,2017,Uganda,41162465.0
Uganda,133,4.08099985122681,Community,Africa,Uganda,800.0,Internet_Access,20.0,2017,Uganda,41162465.0
Uganda,133,4.08099985122681,Community,Africa,Uganda,800.0,Staff,300.0,2017,Uganda,41162465.0
Uganda,133,4.08099985122681,Community,Africa,Uganda,800.0,Volunteers,40.0,2017,Uganda,41162465.0
Zimbabwe,138,3.875,School,Africa,Zimbabwe,716.0,Libraries,16783.0,2017,Zimbabwe,14236745.0
Zimbabwe,138,3.875,School,Africa,Zimbabwe,716.0,Internet_Access,16783.0,2017,Zimbabwe,14236745.0
Benin,143,3.65700006484985,Academic,Africa,Benin,204.0,Libraries,215.0,2017,Benin,11175204.0
Benin,143,3.65700006484985,Academic,Africa,Benin,204.0,Internet_Access,11.0,2017,Benin,11175204.0
Benin,143,3.65700006484985,Academic,Africa,Benin,204.0,Staff,133.0,2017,Benin,11175204.0
Benin,143,3.65700006484985,Academic,Africa,Benin,204.0,Volunteers,86.0,2017,Benin,11175204.0
Benin,143,3.65700006484985,Academic,Africa,Benin,204.0,Visits,8726.0,2017,Benin,11175204.0
Benin,143,3.65700006484985,Academic,Africa,Benin,204.0,Loans_books,4210.0,2017,Benin,11175204.0
Benin,143,3.65700006484985,Academic,Africa,Benin,204.0,Loans_documents,219.0,2017,Benin,11175204.0
Benin,143,3.65700006484985,Academic,Africa,Benin,204.0,Loans_eBooks,426.0,2017,Benin,11175204.0
Benin,143,3.65700006484985,Academic,Africa,Benin,204.0,Loans_downloads,526.0,2017,Benin,11175204.0
Benin,143,3.65700006484985,National,Africa,Benin,204.0,Libraries,5.0,2017,Benin,11175204.0
Benin,143,3.65700006484985,National,Africa,Benin,204.0,Internet_Access,0.0,2017,Benin,11175204.0
Benin,143,3.65700006484985,National,Africa,Benin,204.0,Staff,33.0,2017,Benin,11175204.0
Benin,143,3.65700006484985,National,Africa,Benin,204.0,Volunteers,12.0,2017,Benin,11175204.0
Benin,143,3.65700006484985,National,Africa,Benin,204.0,Visits,728.0,2017,Benin,11175204.0
Benin,143,3.65700006484985,National,Africa,Benin,204.0,Loans_books,742.0,2017,Benin,11175204.0
Benin,143,3.65700006484985,Public,Africa,Benin,204.0,Libraries,10.0,2017,Benin,11175204.0
Benin,143,3.65700006484985,Public,Africa,Benin,204.0,Internet_Access,2.0,2017,Benin,11175204.0
Benin,143,3.65700006484985,Public,Africa,Benin,204.0,Staff,53.0,2017,Benin,11175204.0
Benin,143,3.65700006484985,Public,Africa,Benin,204.0,Volunteers,8.0,2017,Benin,11175204.0
Benin,143,3.65700006484985,Public,Africa,Benin,204.0,Visits,2451.0,2017,Benin,11175204.0
Benin,143,3.65700006484985,Public,Africa,Benin,204.0,Loans_books,1856.0,2017,Benin,11175204.0
Benin,143,3.65700006484985,Public,Africa,Benin,204.0,Loans_documents,158.0,2017,Benin,11175204.0
Benin,143,3.65700006484985,Public,Africa,Benin,204.0,Loans_downloads,215.0,2017,Benin,11175204.0
Benin,143,3.65700006484985,Community,Africa,Benin,204.0,Libraries,3.0,2017,Benin,11175204.0
Benin,143,3.65700006484985,Community,Africa,Benin,204.0,Internet_Access,1.0,2017,Benin,11175204.0
Benin,143,3.65700006484985,Community,Africa,Benin,204.0,Staff,5.0,2017,Benin,11175204.0
Benin,143,3.65700006484985,Community,Africa,Benin,204.0,Volunteers,1.0,2017,Benin,11175204.0
Benin,143,3.65700006484985,Community,Africa,Benin,204.0,Users,52.0,2017,Benin,11175204.0
Benin,143,3.65700006484985,Community,Africa,Benin,204.0,Visits,48.0,2017,Benin,11175204.0
Benin,143,3.65700006484985,Community,Africa,Benin,204.0,Loans_books,53.0,2017,Benin,11175204.0
Benin,143,3.65700006484985,Community,Africa,Benin,204.0,Loans_documents,0.0,2017,Benin,11175204.0
Benin,143,3.65700006484985,Community,Africa,Benin,204.0,Loans_eBooks,0.0,2017,Benin,11175204.0
Benin,143,3.65700006484985,Community,Africa,Benin,204.0,Loans_audio_books,0.0,2017,Benin,11175204.0
Benin,143,3.65700006484985,Community,Africa,Benin,204.0,Loans_downloads,0.0,2017,Benin,11175204.0
Guinea,149,3.50699996948242,Academic,Africa,Guinea,324.0,Libraries,16.0,2017,Guinea,12067539.0
Guinea,149,3.50699996948242,Academic,Africa,Guinea,324.0,Internet_Access,11.0,2017,Guinea,12067539.0
Guinea,149,3.50699996948242,Academic,Africa,Guinea,324.0,Staff,115.0,2017,Guinea,12067539.0
Guinea,149,3.50699996948242,Academic,Africa,Guinea,324.0,Volunteers,37.0,2017,Guinea,12067539.0
Guinea,149,3.50699996948242,Public,Africa,Guinea,324.0,Libraries,31.0,2017,Guinea,12067539.0
Guinea,149,3.50699996948242,Public,Africa,Guinea,324.0,Internet_Access,0.0,2017,Guinea,12067539.0
Guinea,149,3.50699996948242,Public,Africa,Guinea,324.0,Staff,40.0,2017,Guinea,12067539.0
Guinea,149,3.50699996948242,Public,Africa,Guinea,324.0,Volunteers,36.0,2017,Guinea,12067539.0
Burundi,154,2.90499997138977,Public,Africa,Burundi,108.0,Libraries,1.0,2017,Burundi,10827024.0
Burundi,154,2.90499997138977,Public,Africa,Burundi,108.0,Internet_Access,1.0,2017,Burundi,10827024.0
Burundi,154,2.90499997138977,Public,Africa,Burundi,108.0,Staff,2.0,2017,Burundi,10827024.0
Burundi,154,2.90499997138977,Public,Africa,Burundi,108.0,Volunteers,0.0,2017,Burundi,10827024.0
Burundi,154,2.90499997138977,Public,Africa,Burundi,108.0,Visits,5400.0,2017,Burundi,10827024.0
